ID;Tema;Pregunta;Opción A;Opción B;Opción C;Respuesta Correcta
1;1;El arma de fuego que se recarga automáticamente, después de cada disparo, efectuando varios disparos sucesivos accionando el disparador una sola vez, se denomina:;Arma de fuego semiautomática. ;Arma de fuego de repetición. ;Arma de fuego automática. ;C
2;;El arma de fuego que después de cada disparo, se recarga automáticamente y solo es posible efectuar un disparo al accionar el disparador cada vez, se denomina:;Arma de fuego semiautomática. ;Arma de fuego de repetición. ;Arma de fuego automática. ;A
3;;Si el arma de fuego se recarga después de cada disparo, mediante un mecanismo accionado por el tirador, estaremos ante:;Arma de fuego semiautomática. ;Arma de fuego de repetición. ;Arma de fuego automática. ;B
4;;¿Cómo se denomina el arma de fuego sin depósito de municiones, que se carga antes de cada disparo mediante la introducción manual de un cartucho en la recámara, o alojamiento especial a la entrada del cañón?:;Arma de un solo tiro. ;Arma de fuego automática. ;Arma de fuego semiautomática. ;A
5;;¿Qué elemento de un arma de fuego conduce y estabiliza el proyectil?.;El disparador. ;El cañón. ;El estabilizador. ;B
6;;La culata de un arma sirve para:;Instalar en ella el punto de mira. ;Apoyar el arma sobre el hombro para efectuar el disparo. ;Las armas no tienen culata. ;B
7;;Las ánimas de los cañones de escopetas son:;Estriadas. ;Lisas o estriadas. ;Con rayas paralelas. ;B
8;;Las ánimas de los cañones de un rifle son:;Lisas. ;Estriadas ;Estriadas o lisas, dependiendo del fabricante. ;B
9;;En una escopeta semiautomática, el percutor, extractor y grapón, son piezas que componen:;Cerrojo ;Culata ;Cajón de los mecanismos. ;A
10;;¿Qué pieza o piezas protege el guardamonte?.;La biela y el fiador. ;El disparador. ;Es macizo. ;B
11;;¿Qué misión tiene el muelle del cargador de un rifle?;Mantener presión en los cartuchos. ;Expulsar la vaina cuando se produce el disparo ;Elevar el cartucho y colocarlo frente a la recámara. ;C
12;;En un arma semiautomática, ¿qué pieza introduce el cartucho en el interior de la recámara?.;El cierre. ;El muelle elevador. ;La biela. ;A
13;;En escopetas superpuestas, ¿qué misión tiene la banda intermedia ventilada, existente entre los cañones?.;Refrigerar los cañones. ;Amortiguar el efecto de los vientos laterales. ;Las dos anteriores. ;C
14;;¿Qué mecanismo se encuentra en el interior del cerrojo de un rifle?.;Mecanismo de percusión. ;Mecanismo de disparo. ;Mecanismo de expulsión. ;A
15;;¿De qué partes se compone el mecanismo de percusión?;Percutor y muelle del percutor. ;Percutor y cabeza del cierre. ;Cabeza y punta del percutor. ;A
16;;En un rifle, ¿qué pieza arrastra el cartucho hacia la recámara?.;El cerrojo. ;El elevador. ;El percutor. ;A
17;;Para la expulsión del cartucho, ¿qué pieza engarza el culote del cartucho cuándo está alojado en la recámara?.;Cerrojo. ;Tope de cerrojo. ;Uña extractora. ;C
18;;En un rifle, ¿qué pieza expulsa la vaina del cartucho de la recámara?;No hay pieza, es la propia mano del tirador. ;El muelle de recuperación. ;El extractor. ;C
19;;El choke de una escopeta consiste en:;El estriado de la boca de fuego. ;Reducción de la boca de recámara. ;Estrangulamiento de la boca de fuego. ;C
20;;El choke en el rifle semiautomático consiste :;El estriado de la boca de fuego. ;Reducción de la boca de fuego. ;Carecen de choke. ;C
21;;¿A qué se denominan extractores en una escopeta superpuesta?:;Dos uñas que sirven para desalojar los cartuchos de su recámara ;A sendas bielas que conectan el disparador con las agujas percutoras. ;Dos muelles planos de acción helicoidal.;A
22;;En un arma larga rayada, ¿qué forma tiene la recámara?;La del proyectil. ;La de la vaina. ;La del cartucho. ;C
23;;En las armas largas rayadas de caza mayor, ¿cómo es la percusión?;Percusión central ;Percusión adelantada. ;"Sistema ""Flobert"". ";A
24;;¿Qué dispositivo bloquea el funcionamiento del mecanismo de disparo a voluntad del tirador?;Elementos de Puntería ;Nada ;Seguro manual. ;C
25;;¿Cómo se denomina el extremo del cañón de una escopeta opuesto a la parte en que se aloja el cartucho?;Boca ;Cámara ;Recámara ;A
26;;¿Cuándo decimos que una arma esta montada?.;Cuando esta preparada para hacer fuego. ;Que está totalmente ensamblada. ;Ser portada por el tirador. ;A
27;;Arma alimentada es aquella que:;Tiene la munición alojada en el mecanismo de alimentación. ;Ya ha efectuado el disparo. ;No tiene munición en el mecanismo de alimentación. ;A
28;;Arma montada es aquella que:;El mecanismo de disparo y percusión se encuentra en disposición de funcionamiento. ;Está ensamblada y pavonada. ;Está ensamblada pero no pavonada. ;A
29;;¿Dónde se aloja el cartucho de un arma para ser disparado?.;En el cargador. ;En la recámara. ;En la canana. ;B
30;;¿Por dónde expulsa una escopeta semiautomática el cartucho disparado?;Por la ventana trasera del arma. ;Por la ventana de ventilación. ;Por la ventana de expulsión. ;C
31;;Para alimentar una escopeta semiautomática debemos:;Introducir los cartuchos en la recámara. ;Colocar los cartuchos en el depósito. ;Montar el arma. ;B
32;;¿Qué diferencia existe entre cargar y alimentar un arma.?;Cargar es montarla para disparar, alimentarla introducir cartuchos en el depósito ;Cargar es introducir cartuchos en el deposito, alimentarla es montarla para disparar. ;No existe diferencia. ;A
33;;¿Puede darse el caso de que además de los extractores, las escopetas superpuestas dispongan de expulsores?;Todas;Ninguna ;Algunos modelos. ;C
34;;¿Con qué elementos cuenta un arma para enfilarla hacia un blanco?.;A través del mecanismo de puntería. ;Con un buen empuñamiento. ;Con una buena sujeción del arma ;A
35;;¿Qué elemento del arma regula el desplazamiento en altura de un impacto?.;El alza. ;El punto de mira. ;La longitud del cañón. ;A
36;;¿Qué elemento del arma regula el desplazamiento lateral de un impacto?.;El alza. ;El punto de mira. ;La longitud del cañón. ;B
37;;¿Qué pieza del mecanismo de disparo transmite el movimiento del disparador?.;La biela. ;El elevador. ;El fiador. ;A
38;;En una escopeta semiautomática la expulsión de la vaina percutida se produce:;Manualmente a voluntad del tirador. ;Aprovechando la fuerza de retroceso para desplazar el cierre. ;Como consecuencia de un mecanismo adyacente al cierre... ;B
39;;En algunos rifles, ¿qué misión tienen uno o dos orificios situados en la parte anterior del cajón de los mecanismos?;Liberar la aguja percutora y que asome ;Ver si hay cartucho en la recámara ;Salida de gases en caso de rotura del cartucho ;C
40;;El disparador está protegido por:;El Guardamano ;El Guardamonte ;La culata ;B
41;;¿La bascula de una escopeta es considerada por el Reglamento de Armas como pieza fundamental del arma?.;Si ;No ;Depende de su estructura. ;A
42;;¿El cañón de una escopeta es considerada por el Reglamento de Armas como pieza fundamental del arma?.;Si. ;No. ;Depende de su estructura. ;A
43;;La culata de un rifle es considerada por el Reglamento de Armas como pieza fundamental del arma.;Si. ;No. ;Depende de su estructura. ;B
44;;¿Los elementos de puntería de una escopeta son considerados piezas fundamentales del arma?.;Si. ;No. ;Viene determinada por la posición de los mismos. ;B
45;;¿Cuáles son las piezas fundamentales de una escopeta?.;Culata y cañón. ;Cierre, cañón y culata. ;Báscula y cañón. ;C
46;;¿Cuáles son las piezas fundamentales de un rifle?.;Cerrojo, cañón y culata. ;Cerrojo y cañón. ;Culata cañón y elementos de puntería. ;B
47;;¿Para qué sirve el seguro manual?;Para evitar el disparo, aun estando el arma montada. ;Para que no se caiga el cargador del arma accidentalmente. ;Para asegurar el blanco y efectuar un disparo certero. ;A
48;;¿Qué pieza golpea el fulminante del cartucho?.;El tope del cerrojo. ;El percutor. ;La uña de extracción. ;B
49;;¿Qué avería se puede producir al disparar un arma en vacío?;Encasquillamiento del cierre. ;Bloqueo del elevador de cartucho. ;Rotura de la aguja percutora. ;C
50;;El mecanismo de seguridad de un arma, ¿qué misión tiene?.;Evitar que se produzca un disparo involuntario. ;Evitar que se cargue el arma. ;Evitar que se descargue el arma. ;A
51;;¿Puede tener seguro automático una escopeta de caza semiautomática?.;Depende del año de fabricación. ;Si. ;Las escopetas semiautomáticas no tienen seguro automático. ;B
52;;"Si un arma tiene el seguro de mano en posición ""S"", ¿puede efectuar el disparo?.";Si. ;No. ;Si, si está alimentada y montada. ;B
53;;¿Cómo se denomina la varilla que se utiliza para limpiar el interior del cañón de las armas?;Escobilla ;Baqueta ;Plumero ;B
54;;¿Con qué producto limpiaremos las partes de madera de un arma?;Con agua y jabón. ;Con gasolina o gasóleo. ;Con aceite de linaza. ;C
55;;Si se hubiese mojado el arma después de practicar el ejercicio de la caza, ¿cómo procederemos en relación con el arma?;Limpiar y engrasar el arma a la mayor brevedad para que no se oxide. ;No es necesario limpiar el arma. ;Basta con pasarle un trapo para secarla. ;A
56;;¿Dónde guardaremos las armas de la categoría 2ª.2.?;En el propio domicilio, y en un armero homologado. ;En la funda dentro de un armario ropero. ;En cualquier lugar del domicilio ;A
57;;¿Se debe dejar una escopeta en el maletero del vehículo estacionado en la vía pública, hasta que al día siguiente se vaya a ir de caza?.;Sí, siempre que el maletero se encuentre perfectamente cerrado. ;Sí, siempre que el vehículo se encuentre estacionado cerca del domicilio... ;No, nunca. ;C
58;;¿Cómo deberá transportarse un arma de fuego en un vehículo?;Cargadas ;Dispuestas para disparar si nos encontramos en época hábil de caza.;Descargadas. ;C
59;;¿Cómo se han de guardar las armas?;Cargadas y dispuestas para su uso. ;Los rifles separados de las escopetas. ;Descargadas y sin alimentar. ;C
60;;¿Qué medidas deben adoptarse al manejar un arma?;Como si estuviera siempre cargada. ;Con el seguro puesto. ;Como si estuviera descargada. ;A
61;;¿Qué debe comprobarse siempre que se coja un arma?;Que tenga el seguro puesto. ;Que está descargada. ;Que esté limpia. ;B
62;;¿Qué lugar puede ser el más adecuado en el domicilio, para efectuar la limpieza de las armas?.;Una habitación donde se esté solo. ;El lugar de reunión de la familia... ;En la puerta de la calle... ;A
63;;¿Qué es lo que nunca debemos hacer cuando desconozcamos el funcionamiento de un arma?;Desmontarla en evitación de que se produzca un disparo. ;Manipularla. ;Guardarla en su funda. ;B
64;;¿Qué es lo que se trata de evitar con el exacto cumplimiento de las normas de seguridad en el manejo de las armas?;Que se produzcan disparos fortuitos y por tanto causar daños irreparables. ;Ser sancionado por la Autoridad municipal. ;Que el arma se deteriore. ;A
65;;¿Qué precauciones se han de tomar al coger un arma de fuego?;Cogerla sin poner el dedo en el disparador (gatillo). ;Que se encuentre bien engrasada. ;Comprobar que no está cargada apretando el gatillo. ;A
66;;¿Cómo se debe actuar ante la presencia o proximidad de otras personas?;Con habilidad. ;Con destreza. ;Descargando el arma. ;C
67;;Cuando cierre su escopeta, ¿a dónde debe dirigir la boca de fuego?;Hacia arriba. ;Hacia la horizontal ;Hacia el suelo. ;C
68;;Al realizar un disparo con un rifle de caza mayor, debemos estar seguros de:;Visualizar la zona de impacto del proyectil ;Que el proyectil seguirá una trayectoria horizontal ;Que la carga del cartucho es la adecuada para alcanzar la pieza. ;A
69;2;La clasificación de un arma dentro de una categoría, se determina en base a:;Su grado de peligrosidad;Sus características, destino o utilización y a veces por la licencia que la ampare.;Ambas respuestas son correctas;C
70;;"Las ballestas, incluidas en la 7ª categoría, son armas jurídicamente asimiladas a escopetas, ¿sería correcto el documentarlas con licencia ""D""?:";Si.;Documentarlas como de la 3ª.1 categoría.;No.;C
71;;Las ballestas, son armas jurídicamente asimiladas a escopetas, ¿es de aplicación el mismo criterio a los arcos?;No.;Solo a los perfeccionados.;Si. Por estar incluidos en la categoría 7ª.;A
72;;¿Qué instrumentos no especificados expresamente, están prohibidos en el Reglamento de Armas?:;Los especialmente peligrosos para la integridad física de las personas.;Los que tengan puntas de flecha.;Ambas respuestas son verdaderas.;A
73;;"Según el Reglamento de Armas, un ""Arma de fuego corta"" es:";Aquella cuyo cañón no exceda de 20 centímetros o cuya longitud total no exceda de 60 centímetros.;Aquella cuyo cañón no exceda de 30 centímetros o cuya longitud total no exceda de 60 centímetros.;Aquella cuyo cañón no exceda de 30 centímetros o cuya longitud total no exceda de 80 centímetros.;B
74;;Un arma de fuego larga, se define como:;Cualquier arma de fuego que no sea corta.;El arma de más de 30 cm. de longitud total.;El arma que no excede su cañón de 30 cm.;A
75;;Una escopeta, con rayas en el cañón para facilitar el plomeo, aunque esté marcada con punzón de escopeta por un Banco de Pruebas, ¿es un arma de fuego larga rayada para caza mayor?;Depende de la licencia de armas que la ampara.;Sí. Por estar incluida en la categoría 2ª.2.;No.;C
76;;Un arma de fuego larga, de ánima lisa, que no es escopeta, ¿podría clasificarse en la 3ª categoría?.;Sí.;No, por ser un arma clasificada en la 1ª categoría.;Depende del proyectil.;A
77;;Un arma de fuego larga, de ánima lisa, que no es escopeta, ¿podría clasificarse en la 2ª categoría?.;Sí.;No, por ser un arma clasificada en la 3ª categoría.;Depende del proyectil.;B
78;;Las armas reglamentadas, se clasifican en:;Nueve categorías.;Seis categorías.;Diez categorías.;A
79;;¿En qué categoría están incluidas las pistolas semiautomáticas?;En la 3ª.;En la 2ª;En la 1ª.;C
80;;Un arma corta de fuego, de un solo tiro, del calibre 22, ¿en qué categoría está incluida?;4a;1ª;6ª;B
81;;Un revólver, de 20 centímetros de cañón y del calibre 38, ¿a qué categoría pertenece?;No existe ese tipo de arma.;A la 1ª categoría.;A la 2ª categoría.;B
82;;¿En qué categoría está clasificada una escopeta de caza, con cañón estriado adaptable, con recámara para cartuchos metálicos?;En la 1ª categoría.;En la 2ª categoría.;En la 3ª categoría.;B
83;;Además de las armas de fuego largas rayadas para vigilancia y guardería, ¿qué otras armas están incluidas en la 2ª categoría?:;Las pistolas.;Las ballestas;Los cañones estriados adaptables a escopetas de caza con recámara para cartuchos metálicos no clasificados como de guerra.;C
84;;Además de las armas de fuego largas rayadas para vigilancia y guardería, ¿qué otras armas están incluidas en la 2ª categoría?:;Las armas de fuego largas rayadas utilizables para caza mayor.;Las pistolas.;Las ballestas.;A
85;;Los cañones estriados adaptables a escopetas de caza, con recámara para cartuchos metálicos, no clasificados como armas de guerra, ¿en qué categoría están incluidos?;En la 2ª categoría.;En la 3ª categoría.;En la 4ª categoría.;A
86;;¿En qué categoría están clasificadas las escopetas?;Categoría 3ª;Categoría 3ª.2;Categoría 2ª.2;B
87;;¿Cuál de las siguientes armas pertenece a la 2ª categoría?;Las armas de fuego largas rayadas utilizadas para caza mayor.;Las armas de fuego largas para vigilancia y guardería.;Las dos anteriores son correctas.;C
88;;¿Cuál de las siguientes armas pertenece a la 3ª categoría?;Las escopetas.;Armas largas rayadas del calibre 5'6 milímetros para tiro deportivo.;Las dos anteriores son correctas.;C
89;;¿Cuál de las siguientes armas pertenece a la 2ª categoría?;Las escopetas.;Las ballestas.;Armas largas rayadas.;C
90;;¿A qué categoría pertenecen las armas largas rayadas del calibre 5'6 milímetros, para tiro deportivo?;A la 3ª categoría.;A la 4ª categoría.;A la 5ª categoría.;A
91;;¿Cuál de las siguientes armas pertenece a la 3ª categoría?;Las escopetas.;Los revólveres.;Los arcos.;A
92;;Una carabina de aire comprimido, de repetición, que dispara proyectiles cuya energía en la boca de fuego excede de 24.2 julios, ¿en qué categoría está clasificada?;En la 4ª.1;No está clasificada en ninguna categoría.;En la 3ª.;C
93;;En que categoría sería incluida un arma larga rayada, del calibre 5,6 milímetros (.22 americano), de percusión anular, semiautomática, para tiro deportivo:;3ª categoría.;4ª categoría.;2ª categoría.;A
94;;Los revólveres de doble acción, accionados por aire u otro gas comprimido, no asimilados a escopetas, ¿en qué categoría están incluidos?;En la 4ª.1.;En la 1ª;En la 3ª.3;A
95;;Las carabinas de ánima lisa o rayada, de un sólo tiro, accionadas por aire u otro gas comprimido, no asimiladas a escopetas, ¿a qué categoría pertenecen?;A la 3ª.2.;A la 4ª.2.;A la 5ª.2.;B
96;;Los revólveres de acción simple, accionados por aire u otro gas comprimido, no asimilados a escopetas, ¿en qué categoría están clasificados?;En la 3ª.2.;En la 4ª.2.;En la 5ª.2.;B
97;;Una carabina de aire comprimido, de repetición, que dispara proyectiles cuya energía en la boca de fuego no excede de 24.2 julios ¿en qué categoría está clasificada?;En la 4ª.1;No está clasificada en ninguna categoría.;En la 3ª.3;A
98;;¿En qué categoría están clasificadas las armas blancas, en general?;En la 5ª.;En la 6ª.;En la 7ª.;A
99;;Un rifle semiautomático cuyo cargador admite cinco cartuchos, ¿es arma prohibida a particulares?;No.;Sí;Sí, siempre que se utilice para cazar.;A
100;;¿En qué categoría se encuentran clasificadas las ballestas?;Categoría 5ª.2;Categoría 7ª.2;Categoría 4ª.2;B
101;;Las armas largas específicas para desempeñar las funciones de guardería, ¿en qué categoría se encuentran clasificadas?;En la 1ª categoría.;En la categoría 2ª.1.;En la categoría 2ª.2.;B
102;;¿A qué categoría pertenecen las armas largas de fuego, del calibre 22 americano, de percusión anular, y de repetición para tiro deportivo?;A la 1ª categoría.;A la 2ª categoría.;A la 3ª categoría.;C
103;;¿En qué categoría están clasificadas las armas largas rayadas para caza mayor?.;Categoría 3ª.3;Categoría 5ª.2;Categoría 2ª.;C
104;;¿En qué categoría están clasificadas las armas inutilizadas?;Categoría 3ª.3;Categoría 5ª.2;Categoría 9ª.;C
105;;¿En qué categoría están clasificadas las armas de alarma?;Categoría 3ª.3;Categoría 5ª.2;Categoría 7ª.6;C
106;;Un rifle que puede realizar disparos sucesivos al accionar repetidamente el disparador se denomina:;Automático.;Semiautomático;De repetición;B
107;;Un rifle semiautomático cuyo cargador admite doce cartuchos, ¿es arma prohibida a particulares?;No.;Sí, pues su capacidad de carga supera los once cartuchos.;Sí, siempre que se utilice para cazar.;B
108;;Una pistola semiautomática cuyo cargador admite veinticinco cartuchos, ¿es arma prohibida a particulares?;No.;Sí, pues su capacidad de carga supera los veintiún cartuchos.;Sí, siempre que se utilice para cazar.;B
109;;Un arma de fuego automática que haya sido transformada en semiautomática ¿es arma prohibida a particulares?;Sí;NO;Dependerá del uso de la misma.;A
110;;¿Cuál de las siguientes afirmaciones es cierta?;Una escopeta calibre 20 mm. pertenece a la categoría 3ª.2;Una escopeta calibre 20 mm. es un arma prohibida.;Una escopeta calibre 20 mm. es un arma de guerra.;C
111;;Sobre las armas de guerra, ¿qué está prohibido a los particulares?;Su adquisición, tenencia y uso.;No les están prohibidas.;Las dos respuestas son falsas.;A
112;;Las armas de fuego automáticas, son siempre:;Armas de guerra.;Armas de la 1ª categoría.;Ambas respuestas son falsas.;A
113;;¿Quién puede legalizar las armas de guerra para un particular?;No puede legalizarse.;Ministro de Defensa.;Ministro del Interior.;A
114;;Los calibres 308 win (7'62 X 51 mm.) y 7'62x39 son de los denominados de guerra, ¿qué condiciones han de cumplirse para utilizarlas en caza mayor?;No se pueden utilizar por ser calibre de guerra.;Se podrán utilizar con bala expansiva y rifle de repetición.;Se podrán utilizar con autorización especial del Ministerio de Defensa.;B
115;;De las que se citan a continuación, ¿cuáles son armas prohibidas?;Los silenciadores adaptables a armas de fuego.;Los puñales.;Las respuestas anteriores (A y B) son armas prohibidas.;C
116;;De las que se citan a continuación, ¿cuáles se consideran armas prohibidas?;.Las armas de fuego que sean resultado de modificar sustancialmente las características de fabricación u origen de otras armas...;Armas con culata plegable para facilitar los movimientos del cazador...;Las respuestas anteriores (A y B) son armas prohibidas.;A
117;;Las armas de fuego que sean resultado de modificar sustancialmente las características de fabricación u origen de otras armas... ¿qué clase de armas son?;Reglamentadas.;Prohibidas a particulares.;Prohibidas.;C
118;;¿Cuáles de las siguientes armas están prohibidas?;Las armas de fuego largas con cañones recortados.;Los cuchillos de hoja superior a 11 centímetros de longitud.;Las cerbatanas.;A
119;;Las armas de fuego, reales o simuladas, combinadas con armas blancas, son:;Armas prohibidas.;Armas reglamentadas.;Armas prohibidas a particulares.;A
120;;Un arma de fuego simulada bajo apariencia de cualquier otro objeto, es:;Un arma prohibida.;Un arma prohibida a particulares.;Un arma reglamentada.;A
121;;De las armas blancas que se detallan, ¿cuáles están prohibidas?;Los puñales;Los machetes del Ejército para desollar la caza.;Las dos anteriores;C
122;;¿Se pueden utilizar miras telescópicas en las armas de la categoría 2ª.2?;Si.;No.;Está prohibido.;A
123;;¿Se pueden utilizar miras telescópicas en las armas de la categoría 3ª.2?;Si.;No.;Está prohibido.;A
124;;Un arma larga que contenga un dispositivo especial, en su culata, para una pistola legalizada, es:;Un arma prohibida.;Un arma combinada.;Un arma reglamentada.;A
125;;De las armas blancas que se detallan, cuáles están prohibidas:;Los puñales;Navajas de hoja inferior a 11 centímetros.;Espadas.;A
126;;Un cuchillo de monte, de dos filos, puntiagudo y con una hoja de 20 centímetros, sería:;Un arma de la 4ª categoría.;Un arma blanca permitida.;Un arma prohibida.;B
127;;De las que se relacionan, ¿cuáles son armas prohibidas?;Navajas automáticas;Navajas de menos de 11 centímetros de longitud de hoja.;Cuchillos de monte de doble filo con hoja de 13 centímetros de longitud.;A
128;;Se puede poseer un rompecabezas, como instrumento auxiliar en caza mayor:;Sí.;Sí. Con autorización.;No, ya que se trata de arma prohibida.;C
129;;¿Cuántos silenciadores se pueden tener con un arma larga rayada para caza mayor?;Uno para cada arma que se posea.;Uno solo, independientemente del número de armas que se posea.;Ninguno, está prohibido.;C
130;;Puede una persona con licencia de armas, tener y utilizar armas de fuego largas de cañones recortados.;"No; sólo está permitido a funcionarios especialmente habilitados.";Sí. Si dispone de autorización.;Sí. Si la utiliza solamente para cazar.;A
131;;Un arma simulada, combinada con un arma blanca, ¿es un arma prohibida?;No.;Sí.;Depende del tipo de arma blanca de que se trate.;B
132;;Una escopeta de caza legalmente adquirida en Francia, que posea en su culata un mecanismo para alojar otras armas, ¿puede ser legalizada en nuestro país?;Si, con autorización francesa;No, por ser un arma prohibida;Si, en todos los casos;B
133;;Una escopeta de caza legalmente adquirida en Francia, que posea en su culata un mecanismo para alojar una navaja para desollar ¿puede ser legalizada en nuestro país?;No, por ser un arma prohibida;Si, con autorización francesa;Si, en todos los casos;A
134;;De los tipos de cartuchería que se citan, ¿cuál está prohibida a particulares?;La munición metálica blindada.;La cartuchería con bala expansiva.;La cartuchería con balas perforantes, explosivas o incendiarias.;C
135;;De los tipos de cartuchería que se citan, ¿cuál está prohibida a particulares?;La munición metálica blindada.;La cartuchería con bala expansiva.;Las municiones con proyectiles dum-dum;C
136;3;¿Cómo se denomina el documento que ampara el traslado, sin licencia ni guía de pertenencia, entre dos lugares, de armas de las categorías 2ª y 3ª?;Guía de circulación.;Guía de transporte.;Albarán de circulación.;A
137;;Cuando un particular adquiera una escopeta en localidad distinta a la de su residencia, ¿quien expedirá la Guía de Circulación?.;La Intervención de Armas de su residencia;La Intervención de Armas del lugar de la compra;Las dos anteriores pueden ser válidas.;B
138;;¿Es cierto si afirmamos que no es preceptiva la guía de circulación para amparar una escopeta que su titular transportará de una localidad a otra, provisto de guía de pertenencia y licencia correspondiente?;No en todos los casos.;Siempre que el transporte se realice dentro de la provincia.;Si.;C
139;;¿Quién expide la Guía de circulación para transportar un arma de fuego de la 3ª categoría?;El/La Comandante de Puesto de la Guardia Civil;La Intervención de Armas y Explosivos.;El/La Teniente Coronel Jefe de la Comandancia de la Guardia Civil;B
140;;¿Por qué es necesario solicitar una guía de circulación cuando se envía a reparar una báscula de escopeta entre dos lugares distintos?;Por ser un componente esencial;Porque va dentro de un paquete.;No es necesario ningún documento.;A
141;;Cuando se envíe una escopeta sin guía de pertenencia y sin licencia, ¿qué documento amparará el traslado de una localidad a otra?;La autorización del armero;El permiso del Ayuntamiento;La guía de circulación;C
142;;¿Qué armas de las que se citan a continuación, que se trasladan sin guía de pertenencia y sin licencia, necesitan guía de circulación para ser trasladadas entre dos localidades distintas?;Las de la 3ª categoría;Las de la 8ª categoría;Las dos anteriores son ciertas.;C
143;;¿Cuándo necesitará guía de circulación una carabina de aire comprimido, que se traslade sin guía de pertenencia y sin licencia?;En todos los casos;Nunca;Si se trata de una carabina cuya energía cinética del proyectil en boca exceda de 24,2 Julios;C
144;;¿Qué armas de las que se citan a continuación, que se trasladan sin guía de pertenencia y sin licencia, no necesitan guía de circulación para ser trasladadas entre dos localidades?;Las escopetas;Las armas de fuego largas rayadas.;Las dos anteriores son falsas.;C
145;;"¿Qué armas de las que se citan a continuación, que se trasladan sin guía de pertenencia y sin licencia,
necesitan guía de circulación para su traslado entre dos localidades distintas?";Las escopetas;Las armas de fuego largas rayadas.;Las dos anteriores son ciertas.;C
146;;"Además de la guía de circulación, ¿se necesita algún otro documento que acompañe al arma, cuando ésta
se envíe a reparar a otra localidad?";La guía de pertenencia;Autorización escrita por el titular;Ningún otro documento;C
147;;"¿Es cierto que el Reglamento de Armas contempla que las armas reglamentadas de cualquier categoría y
sus componentes esenciales acabados circularán en envases debidamente acondicionados para su
seguridad durante el traslado?";Cierto.;Falso.;Depende del tipo de armas.;A
148;;¿Se pueden enviar a reparar en un mismo envase, las escopetas junto con sus municiones?;Sí, siempre que en el mismo paquete no haya más de 25 armas cortas;Sí, siempre que en el mismo paquete no haya más de tres escopetas;No;C
149;;¿Quién precintará los envases que contengan armas largas de cañón estriado?;El Servicio Postal de Correos;Intervención de Armas de la Guardia Civil o Armero/a autorizado/a;La empresa consignataria;B
150;;¿Cómo deberán circular las armas reglamentadas de cualquier categoría y sus componentes esenciales?;En envases debidamente acondicionados para su seguridad durante el traslado.;En su funda y en una caja de cartón.;Si va desmontada, es suficiente.;A
151;;"Si Vd. pretende enviar dos armas de su propiedad a reparar a Éibar, a dos fábricas diferentes, ¿puede
hacerlo en un solo envase?";Sí, puesto que van destinados a la misma localidad.;No pueden remitirse en el mismo envase, al corresponder a distintos destinatarios.;Pueden ir en uno o dos paquetes, por estar permitido.;B
152;;¿Se debe enviar un rifle y una escopeta a reparar en un mismo envase?;Sí, si van destinados al mismo armero.;"No, puesto que el mismo paquete no puede contener armas de cañón estriado junto con
escopetas de caza.";Sí, puesto que el paquete es adecuado para armas largas, como son el rifle y la escopeta.;B
153;;"¿Es cierto que el Reglamento de Armas preceptúa que en ningún caso podrán hacerse envíos o
transportes de armas cargadas ni de armas conjuntamente con cartuchería susceptible de ser utilizada con
las armas transportadas?";No lo preceptúa.;En el transporte de algunas armas.;Sí es cierto.;C
154;;¿Se puede enviar a reparar una escopeta por Correo ?;No.;Cuando vayan desmontadas.;Sí, siempre que no se envíe conjuntamente con munición.;A
155;;¿Cuándo se puede enviar a reparar las armas cargadas?;Sí, si son cortas;Nunca;Con autorización del Interventor de Armas.;B
156;;"¿Qué plazo establece el Reglamento de Armas al particular que compra una escopeta en localidad distinta
a la de su residencia para personarse en la Intervención de Armas y solicitar la Guía de Pertenencia?";No hay plazo establecido;Diez días.;Un día;B
157;;"¿Por qué medio de transporte tiene que ser enviada una escopeta a reparar, si no la lleva su titular
personalmente ?";Por giro postal;A través de una empresa de transportes.;Por medio de un amigo personal;B
158;;"¿Puede un particular que ha comprado un arma larga rayada, en población distinta de la residencia,
transportar dicha arma consigo hasta la Intervención de Armas de su residencia para que le extiendan la
Guía de pertenencia?";Sí se puede, siempre que tenga licencia de armas;Sí, siempre que el comprador se halle en posesión de la guía de pertenencia;No.;C
159;;En ningún caso podrán hacerse los envíos de:;Armas cargadas;Armas con cartuchería correspondiente a las mismas;La a) y la b) son ciertas;C
160;;Al remitir un arma para reparación u otras causas, ¿Dónde debe figurar la declaración del contenido?;En la documentación y en el mismo paquete, en caracteres de suficiente claridad.;No debe figurar en ningún sitio visible, por tratarse de armas que deben transportarse con toda reserva.;Solamente debe figurar en la documentación (guía de circulación).;A
161;;"¿Cómo debe transportarse un rifle de caza mayor, de nueva adquisición y sin guía de pertenencia, de una
localidad a otra donde resida el titular?";Lo puede llevar el titular personalmente;Por medio de empresa de transporte;Con autorización de la armería;B
162;;"Cuando un particular reciba notificación del remitente que le ha sido enviada a la Intervención de Armas de
la Guardia Civil, la escopeta que compró al citado remitente, ¿qué deberá hacer?";Presentarse en la Intervención de Armas con la licencia de caza.;Trasladarse a la Intervención de Armas para ver si le gusta y si no devolverla.;"Presentarse en la Intervención de Armas provisto de licencia o documento que le autorice para
adquirirla.";C
163;;"Cuando un particular es destinatario de una escopeta enviada a la Intervención de Armas y Explosivos,
¿es cierto que para retirarla debe presentar en dicha Intervención la licencia o documento que le autorice
su adquisición?";Falso.;Cierto.;Sólo si se trata de escopetas.;B
164;;"¿Es cierto que el Reglamento de Armas dispone que las armas de las categorías 1ª y todas las de
concurso, pasarán revista cada tres años y las demás armas que precisen guía, cada cinco años?";Cierto.;Falso.;Solo en las de 2ª categoría.;B
165;;¿Cada cuántos años pasan revista las armas de la 2ª categoría?;Dos años;Cinco años.;Todos los años;B
166;;¿Cada cuántos años pasan revista las armas de la 3ª categoría?;Cinco años;Nunca;Tres años;A
167;;¿Es necesario presentar el arma para pasar revista?;Si.;No.;Alguna vez.;A
168;;El hecho de no pasar dos revistas del arma, ¿es causa de anulación y retirada de la guía de pertenencia?;No.;Si. ;Depende del valor histórico del arma;B
169;;¿En qué mes pasará revista el titular de una guía de pertenencia de una escopeta?;En el mes que se abre la veda de caza;En el mes de abril;En el mes correspondiente a la renovación de la licencia.;C
170;;"¿Qué necesita un familiar, con licencia de armas, de un titular de un arma para pasar la revista de las
mismas?";Demostrar la relación de parentesco con el titular del arma;Autorización escrita del titular del arma.;Autorización escrita del Delegado/a del Gobierno de la Comunidad;B
171;;"No pasar dos revistas consecutivas, dará lugar a la anulación y retirada de la Guía de Pertenencia, ¿a qué
dará lugar también?";La pérdida de la propiedad del arma;A la apertura de un expediente sancionador;No poder cazar en el transcurso de un año;B
172;;¿Quién realizará las anotaciones correspondientes al pasar la Revista de Armas?:;La persona afectada;El/La Interventor/a de Armas;El/La Jefe de la Comandancia de la Guardia Civil;B
173;;¿Qué requisito es imprescindible para pasar la Revista de Armas?:;La presentación del Arma;Tiene que ser pasada por el/la titular del Arma;Las respuestas a) y b) son ciertas;A
174;;El hecho de no pasar la revista de armas constituye:;Una infracción Administrativa;Un Delito;Una falta penal;A
175;;Si tengo una escopeta de caza, ¿cada cuánto tiempo tengo que pasar revista?;Cada año.;Cada tres años.;Cada cinco años.;C
176;;¿Cada cuánto tiempo pasarán revista las armas de concurso?;Cada tres años.;Cada cinco años.;En cada concurso;B
177;;¿Cada cuánto tiempo pasarán revista las ballestas?;Las ballestas no pasan revista, por no ser armas de fuego.;Cada tres años.;Cada cinco años como las escopetas.;C
178;;¿Puede un tercero, con licencia de armas, pasar revista de una escopeta?;No, tiene que ser personalmente el titular.;Sí, si lo autorizó el/la titular por escrito.;Sí, aprovechando la revista de las suyas, sin más trámite.;B
179;;Una carabina de aire comprimido de la 4ª categoría. ¿cuándo tiene que pasar la revista?;Cada cinco años.;Cada tres años.;No tiene que pasar revista.;C
180;;"¿En qué circunstancias se puede pasar revista de armas sin presentarla en la Intervención de Armas o
Puesto de la Guardia Civil?";En caso de enfermedad;Cuando sea de nueva adquisición;En ningún caso;C
181;;"Un cañón estriado, y con recámara para cartuchos metálicos, adaptable a una escopeta de caza, pasará
revista de armas a los:";5 años;3 años;No pasa revista;A
182;;"Una carabina de repetición accionada por gas comprimido, no asimilada a escopeta, pasará revista de
armas cada:";3 años;5 años;No necesita pasar revista;C
183;;"Una carabina de aire comprimido, cuyo proyectil en boca tiene una energía superior a los 24,2 julios, ¿ha
de pasar revista de armas?";Si.;No.;Sólo si se usa para cazar;A
184;;"¿Es cierto que el particular que desee enajenar un arma tiene que hacer la cesión a persona que posea la
licencia, tarjeta o certificado de inutilización correspondiente?";Sí, siempre que sea necesario con arreglo a lo dispuesto en el Reglamento de Armas.;Puede enajenarse a cualquiera;Las armas de fuego no pueden enajenarse.;A
185;;Al enajenar un particular un arma de fuego, ¿donde entregará la guía de pertenencia?;Al adquirente.;En la Intervención de Armas.;En el Ayuntamiento.;B
186;;¿Debe comunicarse a la Intervención de Armas la enajenación de un arma?;Siempre;Nunca;Únicamente las armas cortas;A
187;;¿En qué caso no es necesario participar a la Intervención de Armas la enajenación de un arma?;Se participa siempre.;Cuando se enajena a una armería.;Cuando se regala a alguien, sin mediar precio.;A
188;;¿Qué requisito es indispensable que tenga el comprador de un arma de fuego?;Que se halle en posesión de la licencia para el arma que pretende adquirir.;Que tenga licencia de caza y seguro del cazador.;No es necesario requisito alguno.;A
189;;La enajenación de un arma entre particulares, ¿qué nuevo documento le será expedido al comprador?;Recibo de compra-venta.;Entrega del arma al nuevo titular con su guía de pertenencia.;Expedición de nueva guía de pertenencia;C
190;;La venta de un arma de fuego se efectuará siempre con conocimiento de:;Comisaría de Policía;Dirección General de la Guardia Civil.;Intervención de Armas correspondiente;C
191;;"¿Es cierto que los extranjeros residentes en España podrían prestar sus armas de caza a quienes estén
provistos de licencia de caza y de licencia de arma larga rayada para caza mayor o escopetas?";Cierto.;Solo las escopetas.;Los/Las extranjeros/as residentes no pueden prestar sus armas.;A
192;;¿Qué requisitos debe cumplir una persona para que se le pueda ceder el arma?;Ser propietario/a de un coto de caza;Poseer la correspondiente licencia de armas;Tener aficiones cinegéticas;B
193;;¿Por cuánto tiempo se puede prestar las armas para cazar ?;Mientras sea titular de un coto de caza;Un mes;Quince días como máximo;C
194;;¿Cómo se debe hacer la cesión temporal de las armas ?;Por escrito, fechado y firmado.;De palabra;Por teléfono;A
195;;Una persona con nacionalidad español/a, ¿a quien podrá prestar su escopeta?;A quien tenga licencia de caza.;No puede prestarla.;A quienes estén provistos de la licencia de armas correspondiente y de licencia de caza.;C
196;;El/La titular de un arma larga rayada para caza mayor ¿a quien podrá prestar dicha arma?;A nadie.;A quienes estén provistos de la licencia de armas correspondiente y de licencia de caza.;A quien esté provisto de licencia de caza.;B
197;;"¿Es cierto que las armas de caza podrán prestarse a quienes estén provistos de licencia de caza y de
licencia de armas largas rayadas para caza mayor o escopeta correspondiente?";Cierto.;En ningún caso.;Depende de la Comunidad Autónoma.;A
198;;¿Cómo se prestarán siempre las escopetas?;Con sus guías de pertenencia.;Con la licencia de caza.;Con la guía de circulación.;A
199;;¿Cómo se prestarán siempre las armas de caza?;Con sus guías de pertenencia.;No se pueden prestar.;Con sus fundas.;A
200;;¿Se podrán prestar las armas de caza a quien no esté provisto de licencia de caza?;Sí, si quien la va a utilizar dispone de finca particular para el ejercicio de la caza.;No.;Si, por no ser requisito fundamental.;B
201;;¿Qué requisito es necesario acreditar para obtener la guía de pertenencia de un arma?;Que cumple con las medidas de seguridad impuestas en la custodia de la misma.;Que no ha tenido ningún incidente en el uso de las armas.;Que no ha extraviado en ninguna ocasión la guía de pertenencia.;A
202;4;¿Un rifle automático puede ampararse en una Licencia de Armas 'D'?;Sí;No por ser arma de guerra prohibida a particulares;Sí, si emplea munición de caza;B
203;;Para la expedición de una licencia de armas, ¿qué edad mínima tendrá el peticionario?;14 años.;16 años.;18 años.;C
204;;¿Cuantas licencias de armas 'D' se podrán poseer?;Dependerá del número de amas que se posean.;Una.;Dos.;B
205;;¿Qué documentos para la utilización de un arma larga rayada para caza mayor, portará su titular cuando ejerza la práctica de la caza?;Licencia 'D' y guía del arma que utilice.;Tarjeta de armas.;Solo la guía de pertenencia.;A
206;;¿Se puede expedir una licencia de armas a un español residente en Francia?;Sí.;No.;Si, por ser un país de la U.E.;A
207;;¿Podría utilizar un titular de licencia de armas 'E' una escopeta de su propiedad inscrita en un Libro-Registro de coleccionista, para ejercer la caza?;No, porque está prohibido su uso.;Si porque el/la titular de la licencia y el libro-registro es la misma persona.;No porque está prohibida su circulación.;A
208;;¿Qué es necesario en el territorio español para poseer una escopeta de caza?;Tarjeta de armas.;Un permiso de armas.;Licencia de armas tipo 'E';C
209;;¿Quiénes pueden tener y usar alzas o miras telescópicas adaptables a las armas de caza mayor?;Las puede tener y usar cualquiera, pues no se trata de un arma.;Necesitan una autorización especial de la Intervención de Armas de la Guardia Civil.;Las personas que estén en posesión de licencia de armas tipo 'D'.;C
210;;¿Qué edad mínima debe tener una persona para poder poseer un rifle de caza mayor y qué licencia necesita?;Debe tener como mínimo 18 años y estar en posesión de licencia de armas tipo 'D'.;Tener entre 16 y 18 años y estar en posesión de autorización especial de uso de armas para menores.;Tener como mínimo 16 años, tener licencia de armas tipo 'D' y que la Intervención de Armas le autorice.;A
211;;En un arma combinada (escopeta y rifle de caza), ¿cómo se documentará dicha arma?;Dos, una para la escopeta y otra para el rifle.;Dos licencias en un modelo de licencia especial.;Se documentará con una guía de pertenencia, teniendo en cuenta el arma de mayor peligrosidad.;C
212;;El/La propietario/a de una escopeta y un arma larga rayada para caza mayor, ¿qué licencias de armas deberá tener?;Licencia de armas 'D' y 'E'.;Solo licencia 'D' pues ampara un arma de mayor peligrosidad.;Licencia de armas 'D' o 'E', es indiferente.;A
213;;¿Qué documento se entrega al Interventor de Armas, por pérdida, destrucción, robo o sustracción de un arma de la categoría 2ª y 3ª?;Guía de pertenencia.;Licencia de armas correspondiente.;Tarjeta federativa.;A
214;;¿Qué documento podrá solicitarse en la Intervención de Armas, ante la pérdida, destrucción, robo o sustracción de la licencia de armas?;Guía de pertenencia.;Guía de circulación.;Autorización temporal de uso de armas.;C
215;;Cuando las licencias de armas estén próximas a caducar, ¿qué documento podrán expedir los/las Interventores/ras de Armas?;Guía de pertenencia.;Guía de circulación.;Autorización temporal de uso de armas.;C
216;;¿Qué es una autorización temporal de uso de armas?;Es una autorización que se otorga a cualquier persona mayor de edad para poder cazar quince días.;Es una autorización que se concede a las personas con licencias de armas caducadas para poder cazar.;Son autorizaciones que expiden los Interventores de Armas a las personas con licencias de armas próximas a caducar, con un período de vigencia de tres meses y solamente para el uso de las armas.;C
217;;"Los titulares de licencias de armas próximas a caducar, cuando éstos/as solicitan su nueva concesión, las
Intervenciones de Armas y Explosivos podrán expedir a los solicitantes autorizaciones temporales de uso
de dichas armas, ¿qué plazo de validez tendrán dichas autorizaciones?";Un mes.;Dos meses.;Tres meses.;C
218;;"¿Quien expide la autorización temporal de uso de armas a los titulares de licencias de armas próximas a
caducar, cuando éstos solicitan su nueva concesión?";El/La Alcalde/sa del Ayuntamiento.;El/La Interventor/a de Armas y Explosivos.;El/La Armero/a autorizado/a.;B
219;;Para la tenencia de armas de la categoría 2ª.2-Armas de fuego largas rayadas para caza mayor, ¿con qué documento habrá de estar documentada cada arma?;Licencia de caza.;Con guía de pertenencia.;Tarjeta deportiva.;B
220;;Para la tenencia de armas de la categoría 3ª.2-Escopetas y demás armas de fuego largas de ánima lisa ¿con qué documento habrá de estar documentada cada arma?;Licencia de armas 'D'.;Guía de circulación.;Con guía de pertenencia.;C
221;;"Para la tenencia de armas de la categoría 3ª.3 -Armas accionadas por aire u otro gas comprimido, siempre
que la energía cinética del proyectil en boca exceda de 24,2 julios, ¿con qué documento habrá de estar
documentada cada arma?";Con guía de pertenencia.;Tarjeta de armas.;Guía especial.;A
222;;Para la tenencia de armas de la categoría, 7ª.2 -Ballestas ¿con qué documento habrá de estar documentada cada arma?;Tarjeta deportiva.;Con guía de pertenencia.;Licencia federativa.;B
223;;Para la tenencia de armas de la categoría 7ª.3-Armas para lanzar cabos- ¿con qué documento habrá de estar documentada cada arma?;Certificado de la Comandancia de marina.;No es necesario ningún documento.;Con guía de pertenencia.;C
224;;¿Cuántas armas irán reseñadas en una guía de pertenencia?;Una.;Dos.;Ninguna.;A
225;;¿En qué casos acompañará la guía de pertenencia al arma?;No es necesario.;Solo cuando se deposite el arma.;En caso de uso, depósito y transporte.;C
226;;Señale, entre las siguientes, el arma exceptuada de estar amparada con guía de pertenencia:;Escopetas;Pistolas;Arcos;C
227;;Señale, entre las siguientes, el arma exceptuada de estar amparada con guía de pertenencia.;Pistola lanza bengalas.;Fúsil lanzacabos;Fúsil de inyección anestésica.;A
228;;¿Cuántas escopetas de caza se pueden legalizar con una sola guía de pertenencia?;Solamente se puede legalizar una escopeta.;Más de una escopeta si es del mismo titular.;Con una guía de varios cuerpos, se pueden legalizar escopetas y rifles a la vez.;A
229;;"En una Guía de Pertenencia, aparte del D.N.I., los datos personales del propietario del arma, así como los
de la Licencia, ¿qué otros datos deben figurar?.";El nombre del fabricante.;La provincia donde fue fabricada el arma.;La reseña completa del arma.;C
230;;Quienes precisen armas utilizables para la caza mayor ¿qué licencia de armas deberán obtener?;Licencia de armas 'D';Licencia de armas 'E';Licencia de armas 'F';A
231;;Para la tenencia de un cañón estriado adaptable a una escopeta de caza, con recámara para cartuchos metálicos ¿qué licencia será necesaria?;Licencia de armas 'E';Licencia de armas 'F';Licencia de armas 'D';C
232;;¿Qué armas ampara la licencia de armas 'D'?;Fusiles lanzacabos.;Escopetas.;Armas largas rayadas para caza mayor.;C
233;;"¿Qué licencia de armas debe obtenerse para llevar y usar armas de fuego largas rayadas para tiro
deportivo, de calibre 5,6 milímetros (22 americano), de percusión anular, bien sean de un disparo, bien de
repetición o semiautomáticas (Categoría 3ª1)?.";Licencia de armas 'D';Licencia de armas 'C';Licencia de armas 'E';C
234;;¿Qué licencia de armas debe obtenerse para poseer, llevar y usar ballestas (Categoría 7ª2)?;No precisan licencia.;Licencia de armas 'E';Tarjeta deportiva.;B
235;;La Licencia 'E' autoriza a poseer, llevar y usar ¿qué categoría de armas?;Armas de la categoría 3ª, 7ª 2 y 7ª 3.;Armas de la categoría 4ª y 5ª.;Armas de la categoría 3ª y 4ª.;A
236;;La licencia de armas “E” autoriza a poseer, llevar y usar armas de las categorías 3ª, 7ª 2 y 7ª 3. ¿cuántas armas se podrán poseer como máximo con la licencia 'E'?;Cinco armas largas rayadas.;Su número no excederá de 6 escopetas ó 6 armas largas rayadas para tiro deportivo, ni 12 armas en total.;Ninguna de las anteriores.;B
237;;¿Hasta cuantas escopetas puede ampararse con una licencia de armas 'E'?;Cuatro.;Cinco.;Seis;C
238;;¿Hasta cuantas armas de fuego largas rayadas para tiro deportivo puede amparar una licencia de armas 'E'?;Cuatro.;Cinco.;Seis.;C
239;;¿Cuántas carabinas de aire comprimido se pueden legalizar con una licencia de armas tipo 'D'?;Cinco, lo mismo que los rifles.;Solamente tres.;Ninguna, las carabinas de aire o gas comprimido se legalizan con tarjetas de armas que expiden los/las Alcaldes/as.;C
240;;¿El titular de armas de fuego cuando viaje con ellas por países miembros de la Unión Europea, deberá ser portador?;De licencia de armas correspondiente al país donde viaje.;De Tarjetas de armas correspondiente al país donde viaje.;De la Tarjeta Europea de Armas;C
241;;¿Cuál es la vigencia de la Tarjeta Europea de Armas?;Dos años.;Tres años.;Cinco años.;C
242;;¿Qué armas figurarán en la Tarjeta Europea de Armas?;Solo armas cortas.;Las que lleve o utilice su titular.;Armas amparadas con guía especial.;B
243;;El solicitante de licencia 'E' ¿cómo acreditará que se dedica al ejercicio de la caza?;Mediante exhibición de la correspondiente licencia de caza.;Justificante del solicitante de pertenecer a una Federación Deportiva.;Ninguna de las anteriores.;A
244;;Con la presentación de la licencia de caza en vigor, ¿puede el solicitante de una licencia E acreditar que se dedica al ejercicio de la caza?;No.;Sí.;Tendrá que acompañar el justificante de ser socio de un coto de caza.;B
245;;¿A quiénes les podrán ser expedida la Tarjeta Europea de Armas?;A los/las españoles/las y extranjeros/ras residentes en España.;A los/las españoles/las residentes o no en España.;A los/las extranjeros/as residentes o no en España.;A
246;;En la renovación de la Tarjeta Europea de Armas, ¿qué se exigirá?;Mantener la titularidad de las armas que ampare.;Licencia correspondiente.;Certificado de antecedentes penales.;A
247;;¿Qué validez tendrán las autorizaciones especiales de uso de armas para menores?;Cinco años.;Tres años.;Hasta la mayoría de edad.;C
248;;¿Qué edad mínima tendrá un menor para utilizar un arma larga rayada para caza mayor o tiro deportivo?;14 años.;16 años.;18 años.;B
249;;¿Qué edad mínima tendrá un menor para utilizar armas de las categorías 3ª.2 y 3ª.3?;14 años.;16 años.;18 años.;A
250;;¿De quiénes irán siempre acompañados los menores cuando utilicen armas de las categorías 2ª.2 o 3ª?;Personas mayores de edad.;Personas mayores de edad con licencia de armas D, E o F.;Personas mayores de edad y para cazar.;B
251;;La persona mayor de edad en posesión de licencia de armas D, E o F que acompañe a un/a menor de edad en posesión de autorización especial de uso de armas, que esté utilizando armas de las categorías 2ª2 o 3ª, ¿a qué se habrán comprometido previamente?;A acompañarlo hasta el lugar de la cacería.;A vigilarlo en todo momento y lugar.;A acompañarlo y vigilarlo en cada cacería o acto deportivo.;C
252;;Un menor ¿puede ser titular de una escopeta?;Sí, si tiene autorización especial de menores.;Puede ser titular de una escopeta solamente para cazar.;Un menor, no puede ser titular de una escopeta.;C
253;;Indique el plazo de validez de una licencia de armas tipo 'D' expedida a una persona de 55 años.;Cinco años;Dos años;Tres años;A
254;;Indique el plazo de validez de una licencia de armas 'E' expedida a una persona de más de 50 años de edad y menos de 60 años.;Una.;Tres.;Cinco.;C
255;;Un joven de 17 años, ¿cuántas licencias de armas tipo 'E' puede tener?;Una.;Dos.;Ninguna.;C
256;;¿Por quién estarán suscritas las solicitudes de autorizaciones especiales de uso de armas para menores?;Por el interesado.;Por el interesado y por la persona que ejerce la patria potestad o tutela.;Por el padre del interesado.;B
257;;Indique el plazo de validez de una licencia de armas tipo 'E' expedida a una persona de 62 años.;Tres años;Un año;Cinco años;C
258;;Indique el plazo de validez de una licencia de armas tipo 'D' expedida a una persona de 68 años.;Permanente;Un año;Cinco años visada cada Tres años;C
259;;Indique el plazo de validez de una licencia de armas tipo 'E' expedida a una persona de 72 años.;Dos años;Tres años;Cinco años visada cada tres;C
260;;Indique el plazo de validez de una licencia de armas tipo 'D' expedida a una persona de 71 años.;Cinco años visada cada tres;Dos años;Permanente.;C
261;;¿A partir de qué edad es necesario visar la Licencia un particular?;Setenta años;Sesenta y cinco años;Sesenta y siete años;C
262;;¿En qué plazo debe resolverse una solicitud de licencia de armas?;Un mes;Dos meses;Tres meses;C
263;;Caso de no mantenerse los requisitos que se exigen para el otorgamiento de una licencia de armas, ¿qué procede?;Retirada de todas las armas.;Revocar la licencia.;Ninguna de las anteriores.;B
264;;Según el Reglamento de Armas, ¿por cuánto tiempo se puede revocar una licencia de armas?;Por un período máximo de dos años.;Por el tiempo que le falte para caducar.;Máximo tres años.;A
265;;¿Cuándo podrá comprobar la Administración el mantenimiento de los requisitos exigibles para mantener la vigencia?;Cuando lo solicite el titular.;En cualquier momento;En los casos de infracción;B
266;;La vigencia de una licencia de armas estará condicionada a:;Mantenimiento de los requisitos exigibles en el Reglamento de Armas;No haber cambiado de residencia.;No haber llegado a la edad de 65 años.;A
267;;"Para obtener licencia para la tenencia y uso de armas largas rayadas para caza mayor o para escopetas y
armas asimiladas se superarán unas pruebas de capacitación ¿En qué consistirán las pruebas de capacitación para obtener licencia de armas?";Conocimiento del Reglamento de caza.;Conocimiento de las armas, su cuidado y conservación y sobre habilidad para su manejo y utilización.;Conocimiento de las licencias que existen.;B
268;;¿Quien expide la guía de pertenencia de un arma?;El/La Delegado/a del Gobierno;El/La Interventor/a de Armas.;El/La director/a General de la Guardia Civil.;B
269;;A la solicitud de expedición de licencia de armas tipo 'D' ¿qué documentos han de unirse?;Certificado antecedentes penales e informe de aptitudes psicofísicas.;Fotocopia del DNI o en su caso tarjeta de autorización de residencia.;Todos los reseñados en la A y B.;A
270;;¿Qué documentos presentará el interesado al solicitar la expedición de licencia 'E'?;Solamente el certificado de antecedentes penales e informe de aptitud psicofísica.;Certificado de antecedentes penales en vigor, Informe de aptitud psicofísicas y acreditación de la dedicación real al ejercicio de la caza.;Ninguna de las anteriores.;B
271;;¿Cuál de los siguientes documentos no será obligatorio para la expedición de la Licencia de Armas tipo E?;Informe de aptitudes Psicofísicas.;Certificado de antecedentes penales.;Certificado del Alcalde.;C
272;5;En materia de armas, los hechos pueden ser constitutivos de:;Infracciones penales e infracciones administrativas.;Infracciones penales.;Infracciones muy graves, graves y leves.;A
273;;En materia de armas, y de las clases de infracciones administrativas que se expresan. Indicar la proposición correcta.;Graves, menos graves y leves.;Muy Graves, graves y leves.;Graves y leves.;B
274;;¿Quién es competente para imponer sanciones al Reglamento de Armas?;El/La Delegado/a del Gobierno y el/la directora/a General de la Guardia Civil.;El/La alcalde/sa.;Las dos anteriores son correctas.;C
275;;De las que se citan ¿Qué autoridades son competentes para ordenar la instrucción de un procedimiento sancionador en materia de armas?;Interventor/a de Armas y Explosivos.;Director/a General de la Guardia Civil, Delegado/a del Gobierno y los/las Alcaldes/sas.;Delegado/a de Hacienda.;B
276;;¿Cuándo prescribirán las infracciones administrativas leves?;A los 3 meses.;Al año.;A los 2 años.;A
277;;¿Cuándo prescribirán las infracciones administrativas graves?;A los 3 meses.;Al año.;A los 2 años.;B
278;;¿Cuándo prescribirán las infracciones administrativas muy graves?;A los 3 meses.;Al año.;A los 2 años.;C
279;;¿Cuándo prescribirán las sanciones leves?;Al año.;A los 2 años.;A los 4 años.;A
280;;¿Cuándo prescribirán las sanciones graves?;Al año.;A los 2 años.;A los 4 años.;B
281;;¿Cuándo prescribirán las sanciones muy graves?;Al año.;A los 2 años.;A los 4 años.;C
282;;¿Las sanciones impuestas en materia de armas, ¿Cuándo serán ejecutivas?;Cuando las resoluciones adquieran firmeza en vía administrativa.;A los diez días de notificar la resolución al interesado.;A los 30 días de notificar la resolución al interesado.;A
283;;¿Se pueden imponer sanciones penales y administrativas por un mismo hecho?;Sí.;En ningún caso.;Dependerá de la Autoridad Judicial.;B
284;;Si no constituye infracción penal, el almacenamiento, sin autorización, de un arma larga rayada, ¿de qué infracción administrativa se trata?;Muy grave;Grave;Leve;A
285;;Si no constituye infracción penal, el almacenamiento, sin autorización, de un arma larga de ánima lisa, ¿De qué infracción administrativa se trata?;Muy grave;Grave;Leve;A
286;;Si no constituye infracción penal, la insuficiencia de las medidas de seguridad obligatorias en la fase de almacenamiento, de un arma larga rayada, ¿qué infracción administrativa puede constituir?;Muy grave;Grave;Leve;A
287;;Si no constituye infracción penal, la omisión de las medidas de seguridad obligatorias en la fase de almacenamiento, de un arma larga rayada, ¿de qué infracción administrativa se trata?;Muy grave;Grave;Leve;A
288;;La tenencia de una escopeta careciendo de guía de pertenencia es una infracción...;Gravísima;Leve;Ninguna de las anteriores.;C
289;;¿Qué sanción pecuniaria puede imponer la autoridad competente por una infracción muy grave al Reglamento de Armas?;Multa de 30050′61 a 601012′10 euros.;Multa de 300′51 a 3005'06 euros.;Multa de hasta 300'51 euros.;A
290;;Si no constituye infracción penal, la reparación sin autorización de una ballesta, ¿de qué infracción administrativa se trata?;Grave;Leve;Muy grave;A
291;;Si no constituye infracción penal, la reparación sin autorización de un arma para lanzar cabos, ¿de qué infracción administrativa se trata?;Grave;Leve;Muy grave;A
292;;Si no constituye infracción penal, el almacenamiento sin autorización de una ballesta, ¿de qué infracción administrativa se trata?;Grave;Leve;Muy grave;A
293;;Si no constituye infracción penal, el almacenamiento sin autorización de un arma para lanzar cabos, ¿de qué infracción administrativa se trata?;Grave;Leve;Muy grave;A
294;;"Si no constituye infracción penal, la omisión de las medidas de seguridad obligatorias en la fase de almacenamiento, de una arma cuya tenencia requiera licencia ""E"", ¿de qué infracción administrativa se trata?";Grave;Leve;Muy grave;A
295;;"Si no constituye infracción penal, la insuficiencia de las medidas de seguridad obligatorias en la fase de almacenamiento, de armas cuya tenencia requiera licencia ""E"", ¿de qué infracción administrativa se trata?";Grave;Leve;Muy grave;A
296;;"Si no constituye infracción penal, la omisión de las medidas de seguridad obligatorias en la fase de circulación, de un arma cuya tenencia requiera licencia ""E"", ¿de qué infracción administrativa se trata?";Grave;Leve;Muy grave;A
297;;"Si no constituye infracción penal, la insuficiencia de las medidas de seguridad obligatorias en la fase de circulación de un arma cuya tenencia requiera licencia ""E, ¿de qué infracción administrativa se trata?";Grave;Leve;Muy grave;A
298;;Si no constituye infracción penal, la insuficiencia de las medidas de seguridad obligatorias en la fase de almacenamiento por particulares en domicilio, de un arma larga rayada, ¿de qué infracción administrativa se trata?;Grave;Leve;Muy grave;A
299;;Si no constituye infracción penal, la omisión de las medidas de seguridad obligatorias en la fase de almacenamiento por particulares en domicilio, de un arma larga rayada, ¿de qué infracción administrativa se trata?;Grave;Leve;Muy grave;A
300;;Si no constituye infracción penal, la omisión de las medidas de seguridad obligatorias en la fase de almacenamiento por particulares en el lugar de uso, de un arma larga rayada, ¿de qué infracción administrativa se trata?;Grave;Leve;Muy grave;A
301;;Si no constituye infracción penal, la insuficiencia de las medidas de seguridad obligatorias en la fase de almacenamiento por particulares en domicilio, de un arma larga de ánima lisa, ¿de qué infracción administrativa se trata?;Grave;Leve;Muy grave;A
302;;Si no constituye infracción penal, la omisión de las medidas de seguridad obligatorias en la fase de almacenamiento por particulares en domicilio, de un arma larga de ánima lisa, ¿de qué infracción administrativa se trata?;Grave;Leve;Muy grave;A
303;;Si no constituye infracción penal, la omisión de las medidas de seguridad obligatorias en la fase de almacenamiento por particulares en el lugar de uso, de un arma larga de ánima lisa, ¿de qué infracción administrativa se trata?;Grave;Leve;Muy grave;A
304;;Si no constituye infracción penal, el impedimento para que las Autoridades competentes, realicen cuantos controles sean necesarios relativos a la tenencia de un arma, ¿de qué infracción administrativa se trata?;Grave;Leve;Muy grave;A
305;;Si no constituye infracción penal, el impedimento para que las Autoridades competentes, realicen cuantos controles sean necesarios relativos a la utilización de un arma, ¿de qué infracción administrativa se trata?;Grave;Leve;Muy grave;A
306;;Si no constituye infracción penal, el impedimento para que las Autoridades competentes, realicen cuantos controles sean necesarios relativos al almacenamiento de un arma, ¿de qué infracción administrativa se trata?;Grave;Leve;Muy grave;A
307;;Si no constituye infracción penal, la adquisición de armas de la 2ª.2 y 3ª 2 por particulares, sin tener las autorizaciones o licencias pertinentes, ¿de qué infracción administrativa se trata?;Grave;Leve;Muy grave;A
308;;Si no constituye infracción penal, la tenencia de armas de la 2ª.2 y 3ª 2 por particulares, sin tener las autorizaciones o licencias pertinentes, ¿de qué infracción administrativa se trata?;Grave;Leve;Muy grave;A
309;;Si no constituye infracción penal, la cesión de armas de la 2ª.2 y 3ª 2 por particulares, sin tener las autorizaciones o licencias pertinentes, ¿de qué infracción administrativa se trata?;Grave;Leve;Muy grave;A
310;;Si no constituye infracción penal, la enajenación de armas de la 2ª.2 y 3ª 2 por particulares, sin tener las autorizaciones o licencias pertinentes, ¿De qué infracción administrativa se trata?;Grave;Leve;Muy grave;A
311;;Si no constituye infracción penal, la alegación de datos falsos para obtener las licencias pertinentes, ¿de qué infracción administrativa se trata?;Grave;Leve;Muy grave;A
312;;Si no constituye infracción penal, el uso de cualquier arma de fuego reglamentaria, con omisión de las medidas o precauciones obligatorias para garantizar la seguridad de las personas o cosas, ¿de qué infracción administrativa se trata?;Grave;Leve;Muy grave;A
313;;Si no constituye infracción penal, el uso de cualquier arma de fuego reglamentaria, con insuficiencia de las medidas o precauciones obligatorias para garantizar la seguridad de las personas o cosas, ¿de qué infracción administrativa se trata?;Grave;Leve;Muy grave;A
314;;Si no constituye infracción penal, portar armas de cualquier clase en establecimientos públicos, salvo que estuvieren habilitados, ¿de qué infracción administrativa se trata?;Grave;Leve;Muy grave;A
315;;Si no constituye infracción penal, portar armas de cualquier clase en lugares de reunión salvo que estuvieren habilitados, ¿de qué infracción administrativa se trata?;Grave;Leve;Muy grave;A
316;;Si no constituye infracción penal, portar armas de cualquier clase en lugares de concentración, salvo que estuvieren habilitados, ¿de qué infracción administrativa se trata?;Grave;Leve;Muy grave;A
317;;Si no constituye infracción penal, portar armas de cualquier clase en lugar de recreo, salvo que estuviere habilitado, ¿de qué infracción administrativa se trata?;Grave;Leve;Muy grave;A
318;;Si no constituye infracción penal, portar armas de cualquier clase en lugar de esparcimiento, salvo que estuviere habilitado, ¿de qué infracción administrativa se trata?;Grave;Leve;Muy grave;A
319;;¿Qué tipo de infracción constituye la tenencia de un arma larga rayada de la categoría 2ª.2 en el domicilio careciendo de armero o caja fuerte para su custodia?.;Infracción Leve;Infracción Muy Grave;Infracción Grave;C
320;;La tenencia de una escopeta con la Licencia caducada hace tan sólo 20 días constituye una infracción...;Grave.;Leve porque es poco tiempo desde que ha caducado.;No es ninguna infracción porque no me he dado cuenta y ya acudiré a la Intervención para renovarla.;A
321;;La alegación de un domicilio en el que no resido para la documentar una escopeta, es una infracción...;Leve.;No es ninguna infracción.;Grave.;C
322;;La negativa a presentar un rifle y sus documentos a un/una Policía Nacional cuando nos lo requiere, es una infracción...;Muy Grave.;No es ninguna infracción puesto que sólo las debo presentar en la Intervención de Armas de la Guardia Civil o a alguno/a de sus agentes.;Grave.;C
323;;¿Qué sanción pecuniaria puede imponer la autoridad competente por una infracción grave al Reglamento de Armas?;Multa de 30050′61 a 601012′10;Multa de 300′51 a 30050′61;Multa de hasta 300′51;B
324;;Si no constituye infracción penal, la adquisición de ballestas por particulares, sin tener las autorizaciones o licencias pertinentes ¿de qué infracción administrativa se trata?;Muy grave.;Grave.;Leve.;C
325;;Si no constituye infracción penal, la tenencia de ballestas por particulares, sin tener las autorizaciones o licencias pertinentes ¿de qué infracción administrativa se trata?;Leve.;Grave.;Muy grave.;A
326;;Si no constituye infracción penal, la cesión de ballestas por particulares, sin tener las autorizaciones o licencias pertinentes ¿de qué infracción administrativa se trata?;Leve.;Grave.;Muy grave.;A
327;;Si no constituye infracción penal, la enajenación de ballestas por particulares, sin tener las autorizaciones o licencias pertinentes ¿de qué infracción administrativa se trata?;Muy grave;Leve.;Grave.;B
328;;Si no constituye infracción penal, el incumplimiento de dar cuenta a la Guardia Civil de la destrucción de la documentación de un arma, ¿De qué infracción administrativa se trata?;Leve;Muy grave;Grave;A
329;;Si no constituye infracción penal, el incumplimiento de dar cuenta a la Guardia Civil de la pérdida de la documentación de un arma, ¿De qué infracción administrativa se trata?;Leve;Muy grave;Grave;A
330;;Si no constituye infracción penal, el incumplimiento de dar cuenta a la Guardia Civil de la sustracción de la documentación de un arma, ¿De qué infracción administrativa se trata?;Leve;Muy grave;Grave;A
331;;Si no constituye infracción penal, el incumplimiento de realizar las declaraciones obligatorias, ¿De qué infracción administrativa se trata?;Leve;Muy grave;Grave;A
332;;La omisión de la revistas constituye una infracción...;Grave.;Leve.;Muy Grave;B
333;;¿Qué sanción pecuniaria puede imponer la autoridad competente por una infracción leve al Reglamento de Armas?;Multa de 3005′07 a 6010′12 euros.;Multa de 300'51 a 3005'06 euros.;Multa de hasta 300′51 euros.;C
334;;¿Qué implica la retirada de las armas?;La desposesión de las mismas y la prohibición de la adquisición y tenencia de otras.;El depósito del arma para subastarla.;No hacer uso del arma durante un tiempo.;A
335;;Señale la opción correcta de las siguientes propuestas:;Es lícito llevar o usar armas en una manifestación de personas por motivos de seguridad.;Puedo adquirir una escopeta de caza para poder defenderme en una casa de campo.;Se considera ilícito el hecho de llevar o usar armas los concurrentes a establecimientos públicos o lugares de reunión.;C
336;;Tengo una escopeta de caza y la dedico solamente para la caza del conejo, por lo que decido recortar en mi casa la longitud de los cañones en diez centímetros para que se abra mejor el tiro, ¿puedo hacerlo?;No;Sí, con autorización del/la Delegado/a del Gobierno.;Sí puedo porque diez centímetros de cañón es muy poco y no afecta al arma.;A
337;;Si me sorprende la Autoridad con un cargador para arma corta de 25 cartuchos, sin la autorización pertinente. ¿Qué conlleva a parte de la incoación del correspondiente expediente sancionador?;Retirada de todas las licencias de armas que posea.;Incautación de los cargadores.;Ambas son correctas.;C
338;6;¿Es cierto que el Reglamento de Armas contempla que la reparación de armas de fuego se hará solamente por industrias que las hubiesen fabricado o por armeros autorizados por la Intervención de Armas de la Guardia Civil, con establecimientos abiertos e inscritos en un registro de la citada Intervención?;Cierto.;Falso.;Es indiferente.;A
339;;¿Qué documento será aportado al armero, cuando se le entregue un arma de fuego para reparación?;La Licencia o Autorización de armas.;La Guía de Pertenencia o la Guía de Circulación en su caso.;La Guía de Pertenencia y la Licencia de Armas.;B
340;;¿Qué destino se le dará a la Guía de pertenencia de un arma de fuego que ha sido reparada?;Se devolverá al/la propietario/a del arma;Se hará una nueva guía haciendo constar que ha sido reparada;Se destruirá;A
341;;¿Puede llevar un arma de fuego personalmente el/la titular de la misma para su reparación?;No;Algunas veces;Sí;C
342;;Cuando el arma a reparar proceda de una localidad distinta a la de ubicación del establecimiento del armero y no la lleva personalmente su propietario. ¿Qué documento deberá sustituir a la Guía de Pertenencia?:;Tan solo una nota con las deficiencias que tiene el arma, si se manda por una agencia de transportes.;Una guía de circulación expedida por la Intervención de Armas de origen o demarcación del/la propietario del arma;Si la lleva personalmente el/la propietario/a, necesita igualmente guía de  circulación.;B
343;;¿ Qué requisito será imprescindible para poder repa rar armas de fuego?:;Ser un técnico en la reparación de armas y real izarlo de forma habitual.;Tener la condición de armero y establecimiento abierto e inscrito en un registro que llevará la Intervención de Armas de su residencia.;Ser titular de una armería debidamente autoriza da por la Autoridad  Gubernativa.;B
344;;¿Es imprescindible obtener la condición de armero p ara dedicarse a la reparación de armas de fuego?;Algunas veces;Sí;Cuando se trate de armas blancas sí es necesario o;B
345;;¿Las industrias que fabrican armas de fuego están autorizadas a reparar las mismas?;No, si la avería es muy grave;Sí;Depende del tipo de arma.;B
346;;¿Se admitirá un arma de fuego para su reparación si  no lleva la Guía de pertenencia?;Sí, cuando esté en muy mal estado;No, en ningún caso.;Sí, siempre que dicho documento se haya sustituido por una guía de circulación.;C
347;;¿Puede el titular de un arma de fuego llevarla personalmente a un establecimiento autorizado para su reparación?;No;Sí, si va acompañada de la Guía de Pertenencia.;Sí , si va acompañada de la Guía de Pertenencia y Licencia correspondiente.;C
348;;La reparación de armas se hará solamente:;Por las industrias que las hubiesen fabricado.;Por armeros/as, que autorizados/as por Intervención de Armas cuenten con establecimiento abierto al público y estén inscritos en el correspondiente registro.;Las dos respuestas anteriores (A y B) son válidas .;C
349;;No se admitirá un arma a reparar si no va acompañada de:;Guía de Pertenencia.;Guía de Circulación.;La A) y la B) son correctas.;C
350;;¿Donde quedará la Guía de Pertenencia del arma que se esté reparando?:;Será devuelta al propietario del arma una vez s e tomen los datos del arma por el armero.;Quedará en poder del/la armero/a mientras dure la reparación del arma.;No es necesario, en este caso, que el arma vaya  acompañada por la Guía de Pertenencia.;B
351;;¿Cuándo deberá ser entregada a su titular la guía de pertenencia de un arma llevada a reparar a una armería?;Una vez presentada el arma en la armería.;Una vez que el/la Armero/a ha tomado nota de la misma.;En el momento de retirar el arma de la armería .;C
352;;Además del arma, ¿qué entregará al armero/a el/la titular que le deje su arma para reparar?:;La Guía de Pertenencia.;La licencia de armas.;No es preciso que le entregue nada.;A
353;;Sin conocimiento de la Intervención de Armas y Explosivos de la Guardia Civil ¿en qué casos está permitida la reparación que suponga modificación de las características, estructura o calibre de un arma de caza ?;En cualquier caso.;En ningún caso.;Es indiferente.;B
354;;¿Puede llevarse a cabo una reparación que suponga modificación del calibre de un arma?:;Sí, si es de caza y esté aprobado por un banco  oficial de pruebas y notificado a la Intervención de;Sí, siempre que las variaciones hayan sido realizadas por los propios fabricantes del arma y hayan entregado esta documentación técnica en la Intervención de Armas de la demarcación del establecimiento.;Son correctas las dos respuestas anteriores .;C
355;;¿En qué casos se permitirá que la reparación del arma suponga la modificación sustancial de sus características?;Con conocimiento del Ministerio de Cultura;Con conocimiento de la Intervención de Armas y apro bación en su caso del Ministerio de Defensa o del Banco Oficial de Pruebas.;Con conocimiento de la Intervención de Armas y  Ministerio de Hacienda.;B
356;;¿Para modificar el calibre de un arma es preciso la  aprobación en su caso del Ministerio de Defensa?;Sí, siempre que se trate de armas de la 1ª y 2 ª categoría.;Sí, siempre que se trate de armas de guerra .;Las dos respuestas son correctas.;B
357;;¿Puede cambiarse la estructura de un arma?.;Sí, siempre que lo haga un armero autorizado y por un motivo razonado.;Sí,  previo conocimiento de la Intervención de Armas de la Guardia Civil y aprobación en su caso del Ministerio de Defensa o de un Banco Oficial de Pruebas según el arma de que se trate.;En ningún caso.;B
358;;¿Puede repararse un arma de caza, de tal forma que suponga una modificación sustancial de la misma?;Sí, con conocimiento y aprobación de los organismos competentes.;Nunca.;Solo en caso de que la reparación fuera efectuada por un herrero.;A
359;;Los/Las fabricantes y comerciantes autorizados/as y  sus representantes, ¿a quiénes podrán dejar a prueba las armas de fuego?;A personas mayores de edad.;A personas que posean la correspondiente licencia .;A personas interesadas en la compra de las armas.;B
360;;¿Quiénes podrán dejar a prueba las armas de fuego?;Los/Las fabricantes y comerciantes autorizados/as;Los/Las representantes de los fabricantes y comerciantes autorizados.;Las dos anteriores son correctas.;C
361;;Los/Las comerciantes autorizados/as, ¿dejarán a probar un  arma de fuego una persona sin Licencia de Armas?;Sí;No.;Sí, con autorización del/de la Armero/a;B
362;;¿Qué plazo de validez tendrá el documento expedido por un comerciante autorizado  para probar un arma de fuego en la misma localidad de residencia del interesado en comprarla?;24 horas;5 días;7 días;B
363;;En el documento que expida un fabricante a favor de  la persona que este interesada en adquirir un arma  de fuego, ¿podrá omitir el lugar donde se va a efectuar la prueba con dicha arma?;Siempre;No;No tiene importancia;B
364;;¿Cualquier titular de la licencia de armas correspondiente y en vigor, podrá probar las armas de fuego  que desea adquirir?;Sí;Nunca;Con autorización del/de la Subdelegado/a del Gobierno;A
365;;La persona interesada en comprar un arma, ¿puede probarla antes de adquirirla en galería autorizada?;No, en ningún caso.;Sí, pero debe probarla tan solo el viajante.;Sí.;C
366;;Una persona que posee licencia de armas correspondiente, ¿puede probar un arma de caza?;Si, en caso de que se la deje un comerciante autorizado.;Solo en caso de que sea titular de una licencia de caza.;Las dos anteriores son correctas.;A
367;;¿Qué será indispensable, para que una persona interesada en adquirir un arma pueda probarla?:;Que le acompañe el comercial o fabricante.;Que tenga una autorización del vendedor.;Estar en posesión de la correspondiente licencia .;C
368;;¿Qué datos deberá contener el documento, de carácter personal e intransferible, que emite el/la fabricante, comerciante o sus representantes a la persona que vaya a realizar la prueba de un arma de fuego interesada en adquirirla?:;Denominación expresa del lugar en donde se deben realizar las pruebas.;Reseña del arma, la licencia y el lugar de las pruebas, plazos de validez y estar visado por la Intervención de Armas.;Que se reseñe un plazo de tres días para realizar la prueba.;B
369;;¿Qué carácter tiene el documento que el/la fabricante o comerciante expide a favor de la persona interesada en adquirir un arma de fuego que quiere probar?;Genérico, para cualquier posible adquirente.;Transferible a un tercer posible adquirente, siempre que posea licencia de armas.;Personal e intransferible .;C
370;;Un fabricante autorizado ha dejado en prueba un arma a un particular que desea adquirirla y que posee la licencia correspondiente, ¿qué le debe expedir el fabricante?;La guía de pertenencia.;La factura del arma.;Un documento de carácter personal e intransferible visado por la Intervención de Armas y Explosivos.;C
371;;¿Por quién será visado el documento de autorización  para la prueba de un arma de fuego expedido a favor de un/una particular por un/una fabricante autorizado?;Intervención de Armas.;Comerciante.;No es necesario este requisito.;A
372;;El documento de autorización para la prueba de un arma de fuego, a favor de la persona interesada en adquirirla, ¿en qué modelo de documento se formalizará?;En triplicado ejemplar.;Por escrito.;Conforme a un modelo oficial .;C
373;;¿Donde se podrán probar las armas de fuego, además de en los campos de las Federaciones deportivas o en los polígonos, campos o galerías de tiro?;En los terrenos privados.;En los terrenos que cuenten con autorización de la autoridad local.;En los terrenos cinegéticos controlados.;C
374;;¿Se podrán probar las armas de fuego en Galerías de  Tiro?;No;No, si no se tiene autorización del/de la Alcal de/sa;Sí;C
375;;¿Se podrá probar un arma de fuego en la vía pública ?;Solo en caso de que no haya personas en la misma.;Si es de noche y en descampado.;Nunca;C
376;;Con motivo del  fallecimiento de una persona que posea armas de fuego, los/las herederos/ras o albaceas, ¿Cuándo deberán depositar las armas en la  Intervención de Armas?;Al día siguiente del fallecimiento.;Tan pronto como tengan conocimiento de la obligación de hacerlo y en cualquier caso dentro de los 6 meses siguientes al fallecimiento.;Será determinado por el/la Interventor/a de Armas y Explosivos de la residencia del fallecido/a.;B
377;;¿Es cierto que el Reglamento de Armas dispone que al cesar en la habilitación para la tenencia legal de las armas, el/la interesado/a, deberá depositarlas inmediatamente?;Cierto.;Falso.;Solo en caso de armas de caza.;A
378;;Al cesar en la habilitación para la tenencia legal de las armas ¿En qué momento el/la interesado/a deberá depositar las armas con las correspondientes guías de pertenencia?;Dentro del plazo de 10 días desde que cesó en dicha habilitación.;Inmediatamente.;Quedará exento del depósito si comunica tal vicisitud a la Intervención de Armas y adopta las suficientes medidas de seguridad para evitar su pérdida o sustracción.;B
379;;No pasar dos revistas consecutivas de un arma será motivo de retirada de la guía de pertenencia ¿qué d ebe hacerse con el arma?;Guardarla con las suficientes medidas de seguridad.;Depositarla.;Llevar la guía de pertenencia a la Intervenció n de Armas.;B
380;;¿Qué tiempo permanecerán las armas que se depositen en las Intervenciones de Armas a disposición de los/las herederos/as,  como consecuencia del fallecimiento de sus titulares?;6 meses.;1 año.;2 años.;B
381;;¿Qué documento acompañará a las armas que se depositen en las Intervenciones de Armas, como consecuencia del fallecimiento de sus titulares?;La Licencia de armas del/de la fallecido/a y el certificado de defunción.;La guía de pertenencia.;La guía de pertenencia, acompañada de certificado de defunción.;B
382;;En caso de caducidad de la licencia de armas, ¿qué tiempo tendrá para depositarlas?;3 meses;1 año;Inmediatamente;C
383;;¿Qué documentos acompañarán a las armas de fuego que vayan a ser depositadas?;Las Guías de Pertenencia;La Licencia de Armas;Las Tarjetas de Armas;A
384;;¿Qué deberá depositar el/la titular de armas de fuego que extraviase la licencia de armas?;Las Armas y las Guías de Pertenencia;Las Guías;No depositará ningún arma;A
385;;¿Qué deberá depositar el/la titular de armas de fuego que extraviase las Guías de Pertenencia?;La Licencia de Armas;Las Armas que amparan dichas Guías;Licencia de caza;B
386;;¿Es cierto que el/la titular de un arma de fuego no puede depositarla en la Intervención de Armas y Explosivos para ser subastada?;Cierto .;Falso .;Depende de si el arma es de caza o no.;A
387;;¿Puede el/la titular de un arma de fuego depositarl a en la Intervención de Armas y Explosivos para ser subastada?;No;A veces;Sí;A
388;;¿Puede el/la titular de un arma de fuego depositarla en la Intervención de Armas y Explosivos para su reducción a chatarra?;"No; el destino reglamentario de reducción a chatarra es solo en caso de armas depositadas que carezcan de punzones necesarios o sean prohibidas.";A veces;Sí;C
389;;¿Cuándo procede el depósito de las armas y la retirada y anulación de la guía de pertenencia?;Al no pasar la revista, en una ocasión.;Al no pasar dos revistas consecutivas.;En ningún caso procede el depósito de las armas.;B
390;;En caso de fallecimiento del/de la titular de un arma, ¿qué deberán hacer los familiares con las armas del fallecido?;Pueden hacer uso de las mismas sin ningún requisito previo.;Depositarlas en la Intervención de Armas;Pasarán a propiedad del hijo mayor de la familia;B
391;;¿Qué plazo tienen los herederos/as de un arma, depositada en la Intervención de Armas y Explosivos por fallecimiento del/de la titular, para enajenarla?;Una semana;Un año;No hay plazo establecido;B
392;;En caso de anulación de la guía de pertenencia de un arma ¿qué debe hacerse con el arma?;Depositarla inmediatamente en la Intervención de Armas.;Esperar a que me devuelvan la guía.;Nada;A
393;;Señale el plazo de que disponen los/las herederos/a s del/de la titular de una escopeta para depositarla en la Intervención de Armas y Explosivos en caso de fallecimiento del/de la titular:;Tan pronto como tenga conocimiento de la obligación de hacerlo.;Dentro de los seis meses siguientes al fallecimiento.;Correctas A) y B);C
394;;Señale el plazo de que disponen los/las herederos/a s del/de la titular de una escopeta para depositarla en la Intervención de Armas y Explosivos en caso de fallecimiento del/de la titular:;Dentro de los seis meses siguientes al fallecimiento.;Al año del fallecimiento.;Las dos anteriores son correctas.;A
395;;Una escopeta depositada por infracción a la Ley de Caza,  ¿podrá ser recuperada por su dueño/a?;Sí;No;Algunas veces;A
396;;¿Qué destino se le dará a las armas depositadas por infracción a la Ley de Caza, cuando los/las titulares de las mismas no deseen recuperarlas?;Venderlas;Depositadas hasta que la Autoridad Judicial disponga de ellas.;Destruirlas;C
397;;¿Qué destino recibirán las armas que se depositen en las Intervenciones de Armas a disposición de los/las herederos/as,  como consecuencia del fallecimiento de sus titulares y haya transcurrido el plazo reglamentario, sin que las armas hayan sido enajenadas o recuperadas?;Se reducirán a chatarra, si no se ha pedido expresamente que se subasten.;Se destruirán.;Se enajenarán a los armeros/as que lo soliciten.;B
398;;¿Qué fin se le dará a un arma depositada en la Intervención de Armas y que transcurridos los plazos reglamentarios no ha sido transferida?;Se entregará al museo de armas del Ejército;Se destruirán.;Se alquilará a persona en posesión de licencia  de armas;B
399;;En las importaciones, las armas llegadas a un aeropuerto que no fuesen retiradas por sus destinatarios /as después de despachadas por las aduanas, ¿cuánto tiempo estarán depositadas como máximo, a disposición del interesado/a?;Durante un año.;Durante seis meses.;Durante cinco meses.;A
400;;En las importaciones, las armas llegadas a un aeropuerto que no fuesen retiradas por sus destinatarios /as después de despachadas por las aduanas, ¿qué fin le  será dado a dichas armas?;Se venderán.;Serán devueltas al país de origen.;Serán depositadas en la Intervención de Armas y Explosivos.;C
401;;¿Qué destino se dará a un arma que tiene un valor a creditado como patrimonio histórico en el caso de que haya transcurrido un año depositada?;Se enajenarán en pública subasta;Se le devolverá a su legítimo/a dueño/a;Lo que dictamine la Autoridad Judicial.;A
402;7;"¿En la Categoría 6ª.2 del artículo 3, del Reglamento de Armas, se encuentran las armas de fuego cuyo modelo o año de fabricación sean anteriores al 1 de enero de 1899, y las reproducciones de las mismas, a menos que
puedan disparar municiones destinadas a armas de guerra o a armas prohibidas?";Cierto.;Falso.;Es indiferente.;B
403;;Según se dispone en el artículo 107.c), del Reglamento de Armas, para su uso, las armas largas y cortas de  avancarga y las demás de la categoría 6.2 precisarán la posesión de un certificado de un banco oficial de pruebas para cada arma y …;La correspondiente Licencia de armas.;La Licencia especial de armas.;La obtención de una autorización especial.;C
404;;¿Qué se entiende por arma antigua?;Arma de fuego que en su ornamentación presenta una peculiaridad distinta a las demás de su clase, en razón de los materiales nobles empleados o de diseño, que le confiere un especial valor.;Arma de fuego portátil que utiliza munición de  calibre flobert.;Arma de fuego cuyo modelo o cuyo año de fabricación es anterior al 1 de enero de 1890.;C
405;;"Si no se va a hacer uso de una reproducción de un arma de fuego, únicamente se quiere poseer como
coleccionista ¿Cómo se documentará?";Mediante una guía especial de coleccionista.;Mediante la inscripción en un libro-registro de coleccionista.;Con un certificado del Banco Oficial de Pruebas.;B
406;;¿La antigüedad de las armas de fuego cuyo modelo o año de fabricación sean anteriores al 1 de enero de  1890,  y las reproducciones de las mismas, a menos que pue dan disparar municiones destinadas a armas de guerra o a  armas prohibidas, será fijada por la Dirección General de la Guardia Civil?;Cierto.;Falso.;Es indiferente.;B
407;;¿Cómo se efectuará la custodia de las reproducciones de las armas de fuego cortas en los domicilios  particulares?;Guardadas completas en cajas fuertes, armarios o armeros, con al menos un grado de seguridad clase III, de la norma UNE EN 1143-1. ;Guardadas completas en cajas fuertes, armarios o armeros, con al menos un grado de seguridad clase I, de la norma UNE EN 1143-1.;Guardadas completas, o sus cierres o piezas fundamentales, en cajas fuertes, armarios o armeros, con al menos un grado de seguridad clase I, de la norma UNE EN 1143-1.;A
408;;Las armas de fuego antiguas, sus reproducciones y a similadas, susceptibles de hacer fuego, ¿en qué lug ares se  podrán utilizar?;Excepcionalmente, se podrán utilizar en campos , galerías o polígonos de tiro controlados para prácticas, previa obtención de una autorización especial.;Únicamente en polígonos de tiro de concurso.;En todo caso, se podrán utilizar en la práctica de la caza mayor.;A
409;;¿Qué se entiende por reproducción de un arma de fuego?;Un arma que es copia de otra, reuniendo características de aptitudes.;"Un arma que es copia de otra original, reuniendo todas sus características, aptitudes y posibilidades
de uso.";Un arma que es copia de otra original, y no reúne sus características, aptitudes y posibilidades de uso.;B
410;;¿Qué es una réplica de un arma de fuego?;Objeto que por su apariencia física o características externas puede inducir a confusión sobre su  auténtica naturaleza.;Es un arma que es similar a otra original, y que no reúne las mismas aptitudes de un arma original.;Es un arma igual a otra original, con todas sus características, pero que no tiene las mismas aptitudes y  posibilidades de uso.;A
411;;¿Qué tipo de munición deberán utilizar las reproducciones de armas de fuego antiguas?;Munición metálica utilizada para las armas de fabricación actual y del mismo calibre.;Munición con pólvora negra, y del calibre de las mismas.;Munición con pólvora sin humo.;B
412;;¿Se podrá adquirir munición para el uso de las reproducciones de armas de fuego cortas antiguas?;Sólo podrán adquirirse 100 cartuchos anuales por arma corta.;Podrán adquirirse 150 cartuchos anuales por arma corta.;Sólo podrán adquirirse 200 cartuchos anuales por arma corta.;A
413;;¿Se podrá tener en depósito munición para el uso de  las reproducciones de armas de fuego largas antiguas?;Podrá tener en depósito 250 cartuchos.;Podrá tener en depósito hasta 1000 cartuchos.;En ningún caso podrá tener en depósito un número superior a 200 cartuchos.;C
414;;El cartucho de pólvora ya se empleaba a mediados del siglo XVI, no obstante, respecto al cartucho de  pólvora de percusión central, ¿Cuándo comenzó su uso?;1550 a 1840.;1868 en adelante.;1845 a 1925.;B
415;;¿Cuál fue el primer ejército del mundo dotado con revólveres?;El Ejército Español.;El Ejército Norteamericano.;El Ejercito Francés.;B
416;;¿Cuál fue la primera arma de repetición con cartuch o metálico declarada reglamentaria en el Ejército  Español?;El revólver sistema Lafaucheaux.;El revólver Colt.;El revólver Remington;A
417;;En relación a las armas retiradas por infracción a la Ley de Caza, si la Autoridad competente acordara la devolución de las mismas....;Las armas estarán depositadas en la Intervención  a disposición de los particulares por un plazo máximo de un mes.;A partir de un mes de la notificación por parte de la Autoridad competente, si no fuesen retiradas por su  propietario serán destruidas;Ambas son correctas;C
418;;¿Qué entendemos por munición de bala explosiva?;Munición de uso civil con balas que contienen una carga que explota por impacto;Munición de uso militar con balas que contienen una carga que explota por impacto;Ninguna es correcta;B
419;;¿Cuál de las siguientes afirmaciones es cierta?;La munición es un cartucho incluyendo la vaina.;La vaina no está incluida en la parte de un cartucho;Se considera munición a los cartuchos a partir de 9 mm;A
420;;Consideramos que un arma ha sido inutilizada, cuando..;Al menos un componente esencial hay sido inutilizado.;Al menos dos componentes esenciales hayan sido inutilizados.;Cuando todos sus componentes esenciales hayan sido inutilizados .;C
421;;¿Puede un arma de un solo tiro llevar adaptado un cargador?;No, nunca;Si, si solo se hace uso de tiro a tiro;Dependerá del momento.;A
422;;¿Podemos considerar como coleccionista a una person a que solo reúne componentes esenciales de  las armas?;No, al menos debe de coleccionar un arma completa.;Sí, es correcto;Solo en el caso de que tenga especial vocación;B
423;;El hecho de transformar un arma de guerra en otra c ivil, lo denominaremos...;Actividad lucrativa;No está permitido.;Desmilitarización .;C
